Registrant Admin Tech Name Organization Street City State/Province Postal Code Country Phone Phone Ext Fax Fax Ext Email:, 
Registrant Admin Tech , 
Registrant Admin Tech , 
Registrant Admin Tech , 
Registrant Admin Tech , 
Registrant Admin Tech , 
Registrant Admin Tech , 
Registrant Admin Tech , 
Registrant Admin Tech , 
Registrant Admin Tech , 
Registrant Admin Tech , 
Registrant Admin Tech , 
 Name Organization Street City State/Province Postal Code Country Phone Phone Ext Fax Fax Ext Email:, 
 , 
 , 
 , 
 , 
 , 
 , 
 , 
 , 
 , 
 , 
 , 
 Name Organization Street City State/Province Postal Code Country Phone Phone Ext Fax Fax Ext Email:, 
 , 
 , 
 , 
 , 
 , 
 , 
 , 
 , 
 , 
 , 
 , 